﻿Designator,Footprint,Quantity,Value,LCSC Part #
ADS131M03,ads,1,~,
"C1, C7",0402,2,10n,
C10,0402,1,2.2u,
"C11, C12",0402,2,22u,
C2,0402,1,0.1u,
"C3, C9",0402,2,1u,
C4,0402,1,220n,
C8,0402,1,100n,
"D1, D2, D3",0402,3,LED,
D4,SD103CW,1,D,
"H1, H3, H4",MountingHole_2.7mm_M2.5,3,M2.5,
ICM-42670-P1,LGA-14_3x2.5mm_P0.5mm_LayoutBorder3x4y,1,~,
J1,IDC-Header_2x03_P2.54mm_Vertical,1,Conn_02x03_Odd_Even,
J2,PinHeader_1x02_P1.27mm_Vertical,1,Conn_01x02_Pin,
J4,JST_EH_S4B-EH_1x04_P2.50mm_Horizontal,1,Conn_01x04_Pin,
"R5, R6, R7",0402,3,320,
U2,ESP32-S3-WROOM-1,1,ESP32-S3-WROOM-1,
U4,SOT-223-3_TabPin2,1,MCP1825S,
